Epoch,Train_Loss,Val_Loss,LR,PLCC,SRCC,PSNR,SSIM,LPIPS,FID
9,0.227035,0.174529,0.000015,0.9521,0.9060,0.0,0.0,0.0,10.0
10,0.227027,0.174531,0.000024,0.9596,0.9068,0.0,0.0,0.0,10.0
11,0.227027,0.174531,0.000024,0.9596,0.9068,0.0,0.0,0.0,10.0
