Epoch,Train_Loss,Val_Loss,Learning_Rate
1,1.44228202,0.61229941,0.00003927,PLCC= -0.9663SRCC= -0.7935
2,0.45310113,0.60122450,0.00007859,PLCC= 0.9766SRCC= 0.8742
3,0.77226122,0.60737067,0.00002217,PLCC= 0.9705SRCC= 0.8475
4,0.75384913,0.59080775,0.00004800,PLCC= 0.9824SRCC= 0.8768
5,0.74716000,0.58326077,0.00004800,PLCC= 0.9832SRCC= 0.8785
