Epoch,Train_Loss,Val_Loss,LR,PLCC,SRCC,PSNR,SSIM,LPIPS,FID
1,1.44228202,0.61229941,0.00003927,0.9663,0.7935,0.0,0.0,0.0,10.0
2,0.45310113,0.60122450,0.00007859,0.9766,0.8742,0.0,0.0,0.0,10.0
3,0.77226122,0.60737067,0.00002217,0.9705,0.8475,0.0,0.0,0.0,10.0
4,0.75384913,0.59080775,0.00004800,0.9824,0.8768,0.0,0.0,0.0,10.0
5,0.74716000,0.58326077,0.00004800,0.9832,0.8785,0.0,0.0,0.0,10.0
6,0.29774806,0.59993318,0.00004800,0.9833,0.8786,0.0,0.0,0.0,10.0
7,0.74165495,0.57626103,0.00003840,0.9834,0.8795,0.0,0.0,0.0,10.0
8,0.74829353,0.59082507,0.00002880,0.9835,0.8840,0.0000,0.0000,inf,inf
